FileName,SHA1
First-Stage Dropper,05a8e10251a29faf31d7da5b9adec4be90816238
First-Stage Dropper,06fcb4adf8ca6201fc9e3ec72d53ca627e6d9532
First-Stage Dropper,06fcb4adf8ca6201fc9e3ec72d53ca627e6d9532
First-Stage Dropper,0c472b96ecc1353fc9259e1b8750cdfe0b957e4f
First-Stage Dropper,1594331d444d1a1562cd955aefff33a0ee838ac9
First-Stage Dropper,1783af05e7cd52bbb16f714e878bfa9ad02b6388
First-Stage Dropper,185d10800458ab855599695cd85d06e630f7323d
First-Stage Dropper,23c61ad383c54b82922818edcc0728e9ef6c984d
First-Stage Dropper,23c61ad383c54b82922818edcc0728e9ef6c984d
First-Stage Dropper,345c59394303bb5daf1d97e0dda894ad065fedf6
First-Stage Dropper,345c59394303bb5daf1d97e0dda894ad065fedf6
First-Stage Dropper,37e4039bd2135d3253328fea0f6ff1ca60ec4050
First-Stage Dropper,3a20b574e12ffb8a55f1fb5dc91c91245a5195e8
First-Stage Dropper,3e9198e9546fa73ef93946f272093092363eb3e2
First-Stage Dropper,3f0071d64edd72d7d92571cf5e4a5e82720c5a9b
First-Stage Dropper,40795ca0880ea7418a45c66925c200edcddf939e
First-Stage Dropper,407df08aff048b7d05fd7636be3bc9baa699646d
First-Stage Dropper,44feb2d7d7eabf78a46e6cc6abdd281f993ab301
First-Stage Dropper,4528215707a923404e3ca7667b656ae50cef54ef
First-Stage Dropper,4528215707a923404e3ca7667b656ae50cef54ef
First-Stage Dropper,4607f6c04f0c4dc4ee5bb68ee297f67ccdcff189
First-Stage Dropper,48325c530f838db2d7b9e5e5abfa3ba8e9af1215
First-Stage Dropper,48d6350afa5b92958fa13c86d61be30f08a3ff0c
First-Stage Dropper,4dcf4b2d07a2ce59515ed3633386addff227f7bd
First-Stage Dropper,5246e098dc625485b467edd036d86fd363d75aae
First-Stage Dropper,540227c86887eb4460c4d59b8dea2a2dd0e575b7
First-Stage Dropper,5b60e1b7458cef383c45998204bbaac5eacbb7ee
First-Stage Dropper,612f61b2084820a1fcd5516dc74a23c1b6eaa105
First-Stage Dropper,61a0cb64ca1ba349550176ef0f874dd28eb0abfa
First-Stage Dropper,6393b23bc20c2aaa71cb4e1597ed26de48ff33e2
First-Stage Dropper,65c11e7a61ac10476ed4bfc501c27e2aea47e43a
First-Stage Dropper,6eb1902ddf85c43de791e86f5319093c46311071
First-Stage Dropper,70b0ce86afebb02e27d9190d5a4a76bae6a32da7
First-Stage Dropper,7c9266a3e7c32daa6f513b6880457723e6f14527
First-Stage Dropper,7d53e588d83a61dd92bce2b2e479143279d80dcd
First-Stage Dropper,7d53e588d83a61dd92bce2b2e479143279d80dcd
First-Stage Dropper,7e505094f608cafc9f174db49fbb170fe6e8c585
First-Stage Dropper,ae8d0595724acd66387a294465b245b4780ea264
First-Stage Dropper,b53ccd0fe75b8b36459196b666b64332f8e9e213
First-Stage Dropper,b53ccd0fe75b8b36459196b666b64332f8e9e213
First-Stage Dropper,bfed04e6da375e9ce55ad107aa96539f49899b85
First-Stage Dropper,c46613f2243c63620940cc0190a18e702375f7d7
First-Stage Dropper,c5407cc07c0b4a1ce4b8272003d5eab8cdb809bc
First-Stage Dropper,c9caba0381624dec31b2e99f9d7f431b17b94a32
First-Stage Dropper,ca6912da0dc4727ae03b8d8a5599267dfc43eee9
First-Stage Dropper,d0b137e48a093542996221ef40dc3d8d99398007
First-Stage Dropper,d1a5dff51e888325def8222fdd7a1bd613602bef
First-Stage Dropper,deace971525c2cdba9780ec49cc5dd26ac3a1f27
First-Stage Dropper,deace971525c2cdba9780ec49cc5dd26ac3a1f27
First-Stage Dropper,e27669cdf66a061c5b06fea9e4800aafdb8d4222
First-Stage Dropper,e27669cdf66a061c5b06fea9e4800aafdb8d4222
First-Stage Dropper,e9dfde8f8a44b1562bc5e77b965b915562f81202
First-Stage Dropper,f02ae732ee4aff1a629358cdc9f19b8038e72b7b
First-Stage Dropper,f02ae732ee4aff1a629358cdc9f19b8038e72b7b
First-Stage Dropper,f5793ac244f0e51ba346d32435adb8eeac25250c
First-Stage Dropper,f7bb34c2d79163120c8ab18bff76f48e51195d35
First-Stage Dropper,f8f328916a890c1b1589b522c895314a8939399c
First-Stage Dropper,f91e1231115ffe1a01a27ea9ab3e01e8fac1a24f
First-Stage Dropper,faf033dc60fed4fc4d264d9fac1d1d8d641af5e0
First-Stage Dropper,faf033dc60fed4fc4d264d9fac1d1d8d641af5e0
First-Stage Dropper,ff920aee8199733258bb2a1f8f0584ccb3be5ec6
Side-loaded DLL,3d38abc7786a1b01e06cc46a8c660f48849b2b5f
Encoded PDF,08f517d4fb4428380d01d4dd7280b62042f9e863
Python stealer,1aa5a0e7bfb995fc2f3ba0e54b59e7877b5d8fd3
Python stealer,734738e7c3b9fef0fd674ea2bb8d7f3ffc80cd91
Python stealer,80e68d99034a9155252e2ec477e91da75ad4f868
Python stealer,ba56a3c404d1b4ed4c57a8240e7b53c42970a4b2
Python stealer,bd457c0d0a5776b43969ce28a9913261a74a4813
Python stealer,da210d89a797a2d84ba82e80b7a4ab73d48a07b1
Python stealer,dc6a62f0a174b251e0b71e62e7ded700027cc70b
Stage2 Python stealer,533960d38e6fee7546cdea74254bccd1af8cbb65
Stage2 Python stealer,c5688fc4c282f9a0dc62cf738089b3076162e8c6
Stage2 Python stealer,c9a1ddf30c5c7e2697bc637001601dfa5435dc66
Browser Injection DLL,4ab9c1565f740743a9d93ca4dd51c5d6b8b8a5b6
DigitStealer, 3e20ddb90291ac17cef9913edd5ba91cd95437da86e396757c9d871a82b1282a
DigitStealer, da99f7570b37ddb3d4ed650bc33fa9fbfb883753b2c212704c10f2df12c19f63
AMOS, 42d51feea16eac568989ab73906bbfdd41641ee3752596393a875f85ecf06417
Payload, 2c885d1709e2ebfcaa81e998d199b29e982a7559b9d72e5db0e70bf31b183a5f
Payload, 6168d63fad22a4e5e45547ca6116ef68bb5173e17e25fd1714f7cc1e4f7b41e1
Payload, 3bd6a6b24b41ba7f58938e6eb48345119bbaf38cd89123906869fab179f27433
Payload, 5d929876190a0bab69aea3f87988b9d73713960969b193386ff50c1b5ffeadd6
Payload, bdd2b7236a110b04c288380ad56e8d7909411da93eed2921301206de0cb0dda1
Payload, 495697717be4a80c9db9fe2dbb40c57d4811ffe5ebceb9375666066b3dda73c3
Payload, de07516f39845fb91d9b4f78abeb32933f39282540f8920fe6508057eedcbbea
Payload, 598da788600747cf3fa1f25cb4fa1e029eca1442316709c137690e645a0872bb
Payload, 3bc62aca7b4f778dabb9ff7a90fdb43a4fdd4e0deec7917df58a18eb036fac6e
Payload, c72f8207ce7aebf78c5b672b65aebc6e1b09d00a85100738aabb03d95d0e6a95
Payload, 9d867ddb54f37592fa0ba1773323e2ba563f44b894c07ebfab4d0063baa6e777
Payload, 08a1f4566657a07688b905739055c2e352e316e38049487e5008fc3d1253d03b
Payload, 5970d564b5b2f5a4723e548374d54b8f04728473a534655e52e5decef920e733
Payload, 59855f0ec42546ce2b2e81686c1fbc51e90481c42489757ac03428c0daee6dfe
Payload, a5b19195f61925ede76254aaad942e978464e93c7922ed6f064fab5aad901efc
Payload, e7237b233fc6fda614e9e3c2eb3e03eeea94f4baf48fe8976dcc4bc9f528429e
Payload, 59347a8b1841d33afdd70c443d1f3208dba47fe783d4c2015805bf5836cff315
Payload, e965eb96df16eac9266ad00d1087fce808ee29b5ee8310ac64650881bc81cf39
