,Domain
C2 domain,1cv2f3d5s6a9w.ddnsfree.com
C2 domain,admina.freeddns.org
C2 domain,afsaces.accesscam.org
C2 domain,ancisesic.accesscam.org
C2 domain,applebox.camdvr.org
C2 domain,appler.kozow.com
C2 domain,asdad21ww.freeddns.org
C2 domain,aw2o25forsbc.camdvr.org
C2 domain,awcc001jdaigfwdagdcew.giize.com
C2 domain,bab2o25com.accesscam.org
C2 domain,babaji.accesscam.org
C2 domain,babi5599ss.ddnsgeek.com
C2 domain,balabalabo.mywire.org
C2 domain,bggs.giize.com
C2 domain,bibabo.freeddns.org
C2 domain,binmol.webredirect.org
C2 domain,bioth.giize.com
C2 domain,Boemobww.ddnsfree.com
C2 domain,brcallletme.theworkpc.com
C2 domain,btbtutil.theworkpc.com
C2 domain,btltan.ooguy.com
C2 domain,camcampkes.ddnsfree.com
C2 domain,camsqewivo.kozow.com
C2 domain,ccammutom.ddnsgeek.com
C2 domain,cdnvmtools.theworkpc.com
C2 domain,cloacpae.ddnsfree.com
C2 domain,cmwwoods1.theworkpc.com
C2 domain,cnrpaslceas.freeddns.org
C2 domain,codemicros12.gleeze.com
C2 domain,cressmiss.ooguy.com
C2 domain,cvabiasbae.ddnsfree.com
C2 domain,cvnoc01da1cjmnftsd.accesscam.org
C2 domain,cvpc01aenusocirem.accesscam.org
C2 domain,cvpc01cgsdfn53hgd.giize.com
C2 domain,DCLCWPDTSDCC.ddnsfree.com
C2 domain,dlpossie.ddnsfree.com
C2 domain,dnsfreedb.ddnsfree.com
C2 domain,doboudix1024.mywire.org
C2 domain,evilginx2.loseyourip.com
C2 domain,examp1e.webredirect.org
C2 domain,faeelt.giize.com
C2 domain,fakjcsaeyhs.ddnsfree.com
C2 domain,fasceadvcva3.gleeze.com
C2 domain,ffosies2024.camdvr.org
C2 domain,fgdedd1dww.gleeze.com
C2 domain,filipinet.ddnsgeek.com
C2 domain,freeios.theworkpc.com
C2 domain,ftpuser14.gleeze.com
C2 domain,ftpzpak.kozow.com
C2 domain,globoss.kozow.com
C2 domain,gogo2025up.ddnsfree.com
C2 domain,googlel.gleeze.com
C2 domain,googles.accesscam.org
C2 domain,googles.ddnsfree.com
C2 domain,googlett.camdvr.org
C2 domain,googllabwws.gleeze.com
C2 domain,gtaldps31c.ddnsfree.com
C2 domain,hamkorg.kozow.com
C2 domain,honidoo.loseyourip.com
C2 domain,huygdr12.loseyourip.com
C2 domain,icekancusjhea.ddnsgeek.com
C2 domain,idstandsuui.kozow.com
C2 domain,indoodchat.theworkpc.com
C2 domain,jarvis001.freeddns.org
C2 domain,Kaushalya.freeddns.org
C2 domain,khyes001ndfpnuewdm.kozow.com
C2 domain,kskxoscieontrolanel.gleeze.com
C2 domain,ksv01sokudwongsj.theworkpc.com
C2 domain,lcskiecjj.loseyourip.com
C2 domain,lcskiecs.ddnsfree.com
C2 domain,losiesca.ddnsgeek.com
C2 domain,lps2staging.ddnsfree.com
C2 domain,lsls.casacam.net
C2 domain,ltiuys.ddnsgeek.com
C2 domain,ltiuys.kozow.com
C2 domain,mailsdy.gleeze.com
C2 domain,maliclick1.ddnsfree.com
C2 domain,mauritasszddb.ddnsfree.com
C2 domain,meetls.kozow.com
C2 domain,Microsoft.bumbleshrimp.com
C2 domain,ml3.freeddns.org
C2 domain,mlksucnayesk.kozow.com
C2 domain,mmmfaco2025.mywire.org
C2 domain,mms.bumbleshrimp.com
C2 domain,mmvmtools.giize.com
C2 domain,modgood.gleeze.com
C2 domain,Mosplosaq.accesscam.org
C2 domain,mysql.casacam.net
C2 domain,nenigncagvawr.giize.com
C2 domain,nenignenigoncqvoo.ooguy.com
C2 domain,nenigoncqnutgo.accesscam.org
C2 domain,nenigoncuopzc.giize.com
C2 domain,nims.gleeze.com
C2 domain,nisaldwoa.theworkpc.com
C2 domain,nmszablogs.ddnsfree.com
C2 domain,nodekeny11.freeddns.org
C2 domain,nodjs2o25nodjs.giize.com
C2 domain,Npeoples.theworkpc.com
C2 domain,officeshan.kozow.com
C2 domain,okkstt.ddnsgeek.com
C2 domain,oldatain1.ddnsgeek.com
C2 domain,onlyosun.ooguy.com
C2 domain,osix.ddnsgeek.com
C2 domain,ovmmiuy.mywire.org
C2 domain,palamolscueajfvc.gleeze.com
C2 domain,pawanp.kozow.com
C2 domain,pcmainecia.ddnsfree.com
C2 domain,pcvmts3.kozow.com
C2 domain,peisuesacae.loseyourip.com
C2 domain,peowork.ddnsgeek.com
C2 domain,pepesetup.ddnsfree.com
C2 domain,pewsus.freeddns.org
C2 domain,plcoaweniva.ddnsgeek.com
C2 domain,PolicyAgent.theworkpc.com
C2 domain,polokinyea.gleeze.com
C2 domain,pplodsssead222.loseyourip.com
C2 domain,pplosad231.kozow.com
C2 domain,ppsaBedon.gleeze.com
C2 domain,prdanjana01.ddnsfree.com
C2 domain,prepaid127.freeddns.org
C2 domain,PRIFTP.kozow.com
C2 domain,prihxlcs.ddnsfree.com
C2 domain,prihxlcsw.theworkpc.com
C2 domain,pxlaxvvva.freeddns.org
C2 domain,quitgod2023luck.giize.com
C2 domain,rabbit.ooguy.com
C2 domain,rsm323.kozow.com
C2 domain,saf3asg.giize.com
C2 domain,Scopps.ddnsgeek.com
C2 domain,sdhite43.ddnsfree.com
C2 domain,sdsuytoins63.kozow.com
C2 domain,selfad.gleeze.com
C2 domain,serious.kozow.com
C2 domain,setupcodpr2.freeddns.org
C2 domain,sgsn.accesscam.org
C2 domain,Smartfren.giize.com
C2 domain,sn0son4t31bbsvopou.camdvr.org
C2 domain,sn0son4t31opc.freeddns.org
C2 domain,soovuy.gleeze.com
C2 domain,styuij.mywire.org
C2 domain,supceasfg1.loseyourip.com
C2 domain,systemsz.kozow.com
C2 domain,t31c0mjumpcuyerop.ooguy.com
C2 domain,t31c0mopamcuiomx.kozow.com
C2 domain,t31c0mopmiuewklg.webredirect.org
C2 domain,t31c0mopocuveop.accesscam.org
C2 domain,t3lc0mcanyqbfac.loseyourip.com
C2 domain,t3lc0mczmoihwc.camdvr.org
C2 domain,t3lc0mh4udncifw.casacam.net
C2 domain,t3lc0mhasvnctsk.giize.com
C2 domain,t3lm0rtlcagratu.kozow.com
C2 domain,tch.giize.com
C2 domain,telcomn.giize.com
C2 domain,telen.bumbleshrimp.com
C2 domain,telkom.ooguy.com
C2 domain,telkomservices.theworkpc.com
C2 domain,thbio.kozow.com
C2 domain,timpe.kozow.com
C2 domain,timpe.webredirect.org
C2 domain,tlse001hdfuwwgdgpnn.theworkpc.com
C2 domain,tltlsktelko.ddnsfree.com
C2 domain,transport.dynuddns.net
C2 domain,trvcl.bumbleshrimp.com
C2 domain,ttsiou12.loseyourip.com
C2 domain,ua2o25yth.ddnsgeek.com
C2 domain,udieyg.gleeze.com
C2 domain,unnjunnani.ddnsfree.com
C2 domain,updatamail.kozow.com
C2 domain,updatasuccess.ddnsgeek.com
C2 domain,updateservices.kozow.com
C2 domain,updatetools.giize.com
C2 domain,uscplxsecjs.ddnsgeek.com
C2 domain,USOShared1.ddnsfree.com
C2 domain,vals.bumbleshrimp.com
C2 domain,vass.ooguy.com
C2 domain,vass2025.casacam.net
C2 domain,vmtools.camdvr.org
C2 domain,vmtools.loseyourip.com
C2 domain,vosies.ddnsfree.com
C2 domain,vpaspmine.freeddns.org
C2 domain,wdlcamaakc.ooguy.com
C2 domain,winfoss1.kozow.com
C2 domain,ysiohbk.camdvr.org
C2 domain,zammffayhd.ddnsfree.com
C2 domain,zmcmvmbm.ddnsfree.com
C2 domain,zwmn350n3o1fsdf3gs.kozow.com
C2 domain,zwmn350n3o1ugety2xbe.camdvr.org
C2 domain,zwmn350n3o1vsdrggs.ddnsfree.com
C2 domain,zwt310n3o1unety2kab.webredirect.org
C2 domain,zwt310n3o2unety6a3k.kozow.com
C2 domain,zwt31n3t0nidoqmve.camdvr.org
C2 domain,zwt3ln3t1aimckalw.theworkpc.com
